Time,Mean Range
2024-01-09 04:49:21.396483,2.3386001110076906
2024-01-09 04:49:22.398023,2.325533453623454
2024-01-09 04:49:23.398109,inf
2024-01-09 04:49:24.398318,inf
2024-01-09 04:49:53.177120,inf
2024-01-09 04:49:54.177584,2.3592667738596598
2024-01-09 04:49:55.177612,2.3561334292093914
2024-01-09 04:49:56.177617,2.351066795984904
2024-01-09 04:49:57.177887,2.3440001169840494
2024-01-09 04:49:58.177919,2.3451334635416665
2024-01-09 04:49:59.178222,2.296600103378296
2024-01-09 04:50:00.178360,2.341466744740804
2024-01-09 04:50:01.178775,2.3529334386189777
2024-01-09 04:50:02.178905,2.3566668033599854
2024-01-09 04:50:03.179065,2.3602668126424153
2024-01-09 04:50:04.179241,2.336933437983195
2024-01-09 04:50:05.179343,inf
2024-01-09 04:50:06.179580,2.3628000736236574
2024-01-09 04:50:07.179984,2.363133462270101
2024-01-09 04:50:08.180266,2.364866781234741
2024-01-09 04:50:09.180471,2.365000104904175
2024-01-09 04:50:10.181130,2.3590668042500815
2024-01-09 04:50:11.181267,2.3623334407806396
2024-01-09 04:50:12.181768,2.36440011660258
2024-01-09 04:50:13.182102,2.364533456166585
2024-01-09 04:50:14.182483,2.367400137583415
2024-01-09 04:50:15.183451,2.361533451080322
2024-01-09 04:50:16.183733,2.3593334674835207
2024-01-09 04:50:17.183751,2.3605334440867107
2024-01-09 04:50:18.184374,2.3659334659576414
2024-01-09 04:50:19.184416,2.3722001393636067
2024-01-09 04:50:20.184797,2.365266799926758
2024-01-09 04:50:21.184842,2.3620667775472004
2024-01-09 04:50:22.185025,2.3663334528605144
2024-01-09 04:50:23.185146,2.3687334219614664
2024-01-09 04:50:24.185656,2.368266773223877
2024-01-09 04:50:25.186162,2.3626667658487954
2024-01-09 04:50:26.186819,2.3678001085917155
2024-01-09 04:50:27.187310,2.365133460362752
2024-01-09 04:50:28.188626,2.3642667611440022
2024-01-09 04:50:29.188760,2.364533472061157
2024-01-09 04:50:30.188880,2.3675334612528482
2024-01-09 04:50:31.189094,2.3648667971293134
2024-01-09 04:50:32.189537,2.3677334626515707
2024-01-09 04:50:33.189610,2.3593334356943765
2024-01-09 04:50:34.189998,2.3702667872111003
2024-01-09 04:50:35.190365,2.358333428700765
2024-01-09 04:50:36.191410,2.3680667877197266
2024-01-09 04:50:37.191500,2.360133441289266
2024-01-09 04:50:38.191834,2.362533442179362
2024-01-09 04:50:39.192574,2.3618001143137612
2024-01-09 04:50:40.192834,2.3622001012166343
2024-01-09 04:50:41.193153,2.3623334248860677
2024-01-09 04:50:42.193214,2.3658668041229247
2024-01-09 04:50:43.194145,2.3632667541503904
2024-01-09 04:50:44.194252,2.36406675974528
2024-01-09 04:50:45.194444,inf
2024-01-09 04:50:46.194679,2.360800091425578
2024-01-09 04:50:47.194798,2.3661334037780763
2024-01-09 04:50:48.195594,2.359866762161255
2024-01-09 04:50:49.195825,2.359933439890544
2024-01-09 04:50:50.196537,2.359000078837077
2024-01-09 04:50:51.196891,2.3590667724609373
2024-01-09 04:50:52.197083,2.3627334117889403
2024-01-09 04:50:53.197184,2.3650001207987468
2024-01-09 04:50:54.197190,2.3678001403808593
2024-01-09 04:50:55.197544,2.3639334360758464
2024-01-09 04:50:56.197772,2.366466776529948
2024-01-09 04:50:57.198581,2.3639334042867026
2024-01-09 04:50:58.198603,2.3635334173838296
2024-01-09 04:50:59.199017,2.358933432896932
2024-01-09 04:51:00.199845,1.2783333857854207
2024-01-09 04:51:01.200151,2.3690667788187665
2024-01-09 04:51:02.201612,2.3653334458669026
2024-01-09 04:51:03.202035,2.364733425776164
2024-01-09 04:51:04.202515,2.3609334150950114
2024-01-09 04:51:05.202684,2.3650667985280354
2024-01-09 04:51:06.203143,2.372200091679891
2024-01-09 04:51:07.203164,2.3669334252675376
2024-01-09 04:51:08.203226,2.367933448155721
2024-01-09 04:51:09.203417,2.3670667807261148
2024-01-09 04:51:10.203427,2.3654667854309084
2024-01-09 04:51:11.203561,2.3629334290822346
2024-01-09 04:51:12.204612,2.3636000951131186
2024-01-09 04:51:13.205408,2.3590667565663654
2024-01-09 04:51:14.206049,2.364533456166585
2024-01-09 04:51:15.206394,2.366400114695231
2024-01-09 04:51:16.206985,2.3604000727335612
2024-01-09 04:51:17.207179,2.3608667691548666
2024-01-09 04:51:18.207367,2.357800102233887
2024-01-09 04:51:19.207386,2.361000108718872
2024-01-09 04:51:20.208120,2.3612668037414553
2024-01-09 04:51:21.208583,2.3618667761484784
2024-01-09 04:51:22.208697,2.3684667428334554
2024-01-09 04:51:23.208808,2.362866767247518
2024-01-09 04:51:24.208986,2.361666774749756
2024-01-09 04:51:25.209071,2.371000130971273
2024-01-09 04:51:26.209208,2.3623334248860677
2024-01-09 04:51:27.209846,2.3640667756398517
2024-01-09 04:51:28.211293,2.367333443959554
2024-01-09 04:51:29.211448,2.3666001319885255
2024-01-09 04:51:30.211471,2.365200074513753
2024-01-09 04:51:31.211574,2.365466753641764
2024-01-09 04:51:32.211602,2.361600097020467
2024-01-09 04:51:33.213694,2.3636667728424072
2024-01-09 04:51:34.213983,2.367600123087565
2024-01-09 04:51:35.214518,2.369400151570638
2024-01-09 04:51:36.216009,2.3603334426879883
2024-01-09 04:51:37.216204,2.3695334275563558
2024-01-09 04:51:38.216287,2.3656668027242023
2024-01-09 04:51:39.216314,2.3555334409077964
2024-01-09 04:51:40.216527,2.366733423868815
2024-01-09 04:51:41.216960,2.366733439763387
2024-01-09 04:51:42.217237,2.361266787846883
2024-01-09 04:51:43.221538,2.3678001085917155
2024-01-09 04:51:44.221774,2.3638667742411297
2024-01-09 04:51:45.221987,2.3608001391092936
2024-01-09 04:51:46.223535,2.3588001410166424
2024-01-09 04:51:47.224111,2.364666795730591
2024-01-09 04:51:48.224289,2.366733455657959
2024-01-09 04:51:49.224653,2.366733439763387
2024-01-09 04:51:50.224935,2.368000109990438
2024-01-09 04:51:51.226555,2.3671334266662596
2024-01-09 04:51:52.226791,2.3633334477742514
2024-01-09 04:51:53.226819,2.3609334309895833
2024-01-09 04:51:54.227953,2.3670667966206866
2024-01-09 04:51:55.228640,2.3704668045043946
2024-01-09 04:51:56.228976,2.3687334378560383
2024-01-09 04:51:57.229613,2.3606000900268556
2024-01-09 04:51:58.229848,2.3665334383646646
2024-01-09 04:51:59.230437,2.364000097910563
2024-01-09 04:52:00.231056,2.3599334557851157
2024-01-09 04:52:01.231149,2.368266789118449
2024-01-09 04:52:02.231204,2.3683334668477376
2024-01-09 04:52:03.231352,2.363066784540812
2024-01-09 04:52:04.231447,2.36513344446818
2024-01-09 04:52:05.231698,2.3707334677378338
2024-01-09 04:52:06.231796,2.364866765340169
2024-01-09 04:52:07.232602,2.36973344484965
2024-01-09 04:52:08.232667,2.3626001358032225
2024-01-09 04:52:09.233008,2.3658000946044924
2024-01-09 04:52:10.233632,2.3625334739685058
2024-01-09 04:52:11.233723,2.371600119272868
2024-01-09 04:52:12.234346,2.370000123977661
2024-01-09 04:52:13.234703,2.3666667779286703
2024-01-09 04:52:14.235599,2.3692667643229166
2024-01-09 04:52:15.235953,2.361333433787028
2024-01-09 04:52:16.236162,2.366733455657959
2024-01-09 04:52:17.236233,2.364600118001302
2024-01-09 04:52:18.236536,2.365266784032186
2024-01-09 04:52:19.236696,2.3620667934417723
2024-01-09 04:52:20.237155,2.360400104522705
2024-01-09 04:52:21.238144,2.373066759109497
2024-01-09 04:52:22.238353,2.3614668051401773
2024-01-09 04:52:23.238561,2.364266777038574
2024-01-09 04:52:24.238700,2.364933443069458
2024-01-09 04:52:25.239021,2.369133456548055
2024-01-09 04:52:26.239289,2.3714001019795736
2024-01-09 04:52:27.239416,2.367666784922282
2024-01-09 04:52:28.239872,2.365266799926758
2024-01-09 04:52:29.240047,2.3596667766571047
2024-01-09 04:52:30.240388,2.359533452987671
2024-01-09 04:52:31.240699,2.3618001143137612
2024-01-09 04:52:32.240741,2.365866772333781
2024-01-09 04:52:33.242051,2.369200086593628
2024-01-09 04:52:34.242392,2.3716667811075847
2024-01-09 04:52:35.242735,2.3638001441955567
2024-01-09 04:52:36.243763,2.362200117111206
2024-01-09 04:52:37.244049,2.3659334341684977
2024-01-09 04:52:38.244332,2.3677334626515707
2024-01-09 04:52:39.244415,2.3632001241048175
2024-01-09 04:52:40.244530,2.3602001031239825
2024-01-09 04:52:41.244866,2.3668001174926756
2024-01-09 04:52:42.245258,2.3611334323883058
2024-01-09 04:52:43.245547,2.3650001207987468
2024-01-09 04:52:44.245572,2.3645334402720133
2024-01-09 04:52:45.246792,2.371200116475423
2024-01-09 04:52:46.247732,2.369666751225789
2024-01-09 04:52:47.248091,2.365533447265625
2024-01-09 04:52:48.248316,2.3600001176198324
2024-01-09 04:52:49.248355,2.3668001015981037
2024-01-09 04:52:50.249886,2.3600001176198324
2024-01-09 04:52:51.252964,2.363666788736979
2024-01-09 04:52:52.253324,2.3625334898630777
2024-01-09 04:52:53.253365,2.364933443069458
2024-01-09 04:52:54.253574,2.3685334364573163
2024-01-09 04:52:55.253711,2.3593334515889484
2024-01-09 04:52:56.254084,2.3647334416707357
2024-01-09 04:52:57.256836,2.3705334504445394
2024-01-09 04:52:58.256872,2.3644667784372966
2024-01-09 04:52:59.257107,2.371066761016846
2024-01-09 04:53:00.257638,2.3616668065388997
2024-01-09 04:53:01.257877,2.3651334762573244
2024-01-09 04:53:02.258249,2.3672001043955486
2024-01-09 04:53:03.258491,2.3639334360758464
2024-01-09 04:53:04.259631,2.3601334571838377
2024-01-09 04:53:05.259636,2.368800099690755
2024-01-09 04:53:06.259777,2.3632667700449628
2024-01-09 04:53:07.260168,2.362533458073934
2024-01-09 04:53:08.260533,2.365200138092041
2024-01-09 04:53:09.260583,2.365866756439209
2024-01-09 04:53:10.260786,2.3688001155853273
2024-01-09 04:53:11.260913,2.365133460362752
2024-01-09 04:53:12.261813,2.370933453241984
2024-01-09 04:53:13.261820,2.3695334434509276
2024-01-09 04:53:14.262085,2.365533463160197
2024-01-09 04:53:15.263637,2.3696667671203615
2024-01-09 04:53:16.263867,2.3659334659576414
2024-01-09 04:53:17.264127,2.3662001132965087
2024-01-09 04:53:18.264263,2.3644667943318685
2024-01-09 04:53:19.264623,2.36406675974528
2024-01-09 04:53:20.264952,2.374000104268392
2024-01-09 04:53:21.265386,2.3707334200541177
2024-01-09 04:53:22.265600,2.358000135421753
2024-01-09 04:53:23.265897,2.367733446756999
2024-01-09 04:53:24.266583,2.3668001015981037
2024-01-09 04:53:25.344691,2.365733432769775
2024-01-09 04:53:26.345041,2.366666793823242
2024-01-09 04:53:27.345290,2.368866777420044
2024-01-09 04:53:28.346624,2.361400111516317
2024-01-09 04:53:29.346658,2.3668668111165365
2024-01-09 04:53:30.346668,2.3700000921885174
2024-01-09 04:53:31.346708,2.370066785812378
2024-01-09 04:53:32.346733,2.3654001235961912
2024-01-09 04:53:33.346772,2.3718667666117352
2024-01-09 04:53:34.346902,2.3666001160939536
2024-01-09 04:53:35.348110,2.3662667751312254
2024-01-09 04:53:36.348381,2.3685334364573163
2024-01-09 04:53:37.348477,2.36406675974528
2024-01-09 04:53:38.348886,2.368600114186605
2024-01-09 04:53:39.348994,2.364666732152303
2024-01-09 04:53:40.349247,2.366466824213664
2024-01-09 04:53:41.349407,2.367333459854126
2024-01-09 04:53:42.350442,2.368800083796183
2024-01-09 04:53:43.350761,2.3645334402720133
2024-01-09 04:53:44.350854,2.36340012550354
2024-01-09 04:53:45.351255,2.3617334842681883
2024-01-09 04:53:46.351433,2.3660000960032144
2024-01-09 04:53:47.351478,2.367066764831543
2024-01-09 04:53:48.351845,2.3648001035054524
2024-01-09 04:53:49.352258,2.367866786321004
2024-01-09 04:53:50.352548,2.36560009320577
2024-01-09 04:53:51.352937,2.3578667799631754
2024-01-09 04:53:52.353196,2.363133462270101
2024-01-09 04:53:53.353385,2.3690668106079102
2024-01-09 04:53:54.354076,2.36460010210673
2024-01-09 04:53:55.354484,2.364333454767863
2024-01-09 04:53:56.354530,2.3674001057942706
2024-01-09 04:53:57.354817,2.3668001015981037
2024-01-09 04:53:58.355049,2.363400109608968
2024-01-09 04:53:59.355546,2.365800126393636
2024-01-09 04:54:00.355659,2.3702001094818117
2024-01-09 04:54:01.355978,2.371466795603434
2024-01-09 04:54:02.356375,2.362800121307373
2024-01-09 04:54:03.357421,2.366066805521647
2024-01-09 04:54:04.357586,2.3618001143137612
2024-01-09 04:54:05.358899,2.3630667686462403
2024-01-09 04:54:06.359777,2.3654000759124756
2024-01-09 04:54:07.361015,2.3668667952219646
2024-01-09 04:54:08.361020,2.3683334668477376
2024-01-09 04:54:09.361238,2.362800121307373
2024-01-09 04:54:10.361255,2.3644668102264403
2024-01-09 04:54:11.361554,2.3686667919158935
2024-01-09 04:54:12.362301,2.3660001277923586
2024-01-09 04:54:13.362844,2.3668667952219646
2024-01-09 04:54:14.363630,2.3641334692637126
2024-01-09 04:54:15.364010,2.3696001211802167
2024-01-09 04:54:16.364045,2.369133456548055
2024-01-09 04:54:17.364541,2.3716667970021565
2024-01-09 04:54:18.364646,2.366666793823242
2024-01-09 04:54:19.365119,2.363666788736979
2024-01-09 04:54:20.365413,2.372066783905029
2024-01-09 04:54:21.365712,2.3708001136779786
2024-01-09 04:54:22.365886,2.3607334454854327
2024-01-09 04:54:23.365902,2.3672000885009767
2024-01-09 04:54:24.366516,2.3632667859395347
2024-01-09 04:54:25.366835,2.367600107192993
2024-01-09 04:54:26.367587,2.363133446375529
2024-01-09 04:54:27.368043,2.367266782124837
2024-01-09 04:54:28.368132,2.3670667807261148
2024-01-09 04:54:29.368326,2.3677334785461426
2024-01-09 04:54:30.368329,2.367000102996826
2024-01-09 04:54:31.368378,2.3674667835235597
2024-01-09 04:54:32.369327,2.369466781616211
2024-01-09 04:54:33.369587,2.3687334696451825
2024-01-09 04:54:34.369623,2.3672001361846924
2024-01-09 04:54:35.427724,2.369133440653483
2024-01-09 04:54:36.428212,2.3696000893910725
2024-01-09 04:54:37.428383,2.368600098292033
2024-01-09 04:54:38.428513,2.367266782124837
2024-01-09 04:54:39.428538,2.36426682472229
2024-01-09 04:54:40.428574,2.370400094985962
2024-01-09 04:54:41.430048,2.3652001221974692
2024-01-09 04:54:42.430788,2.3710667928059896
2024-01-09 04:54:43.430844,2.366800133387248
2024-01-09 04:54:44.430875,2.3726667881011965
2024-01-09 04:54:45.431190,2.367266782124837
2024-01-09 04:54:46.436957,2.3668667952219646
2024-01-09 04:54:47.440168,2.3638667742411297
2024-01-09 04:54:48.441447,2.3648001035054524
2024-01-09 04:54:49.442896,2.3714001019795736
2024-01-09 04:54:50.442998,2.367866802215576
2024-01-09 04:54:51.443205,2.3687334855397544
2024-01-09 04:54:52.456269,2.36406675974528
2024-01-09 04:54:53.461133,2.36820011138916
2024-01-09 04:54:54.468682,2.366400146484375
2024-01-09 04:54:55.469377,2.3636667569478353
2024-01-09 04:54:56.469877,2.3665334383646646
2024-01-09 04:54:57.472073,2.3732667605082196
2024-01-09 04:54:58.472113,2.368600098292033
2024-01-09 04:54:59.472970,2.3666667620340984
2024-01-09 04:55:00.473410,2.364400100708008
2024-01-09 04:55:01.473749,2.371600071589152
2024-01-09 04:55:02.473864,2.368666744232178
2024-01-09 04:55:03.473876,2.373066790898641
2024-01-09 04:55:04.474017,2.365266784032186
2024-01-09 04:55:05.475243,2.3674667835235597
2024-01-09 04:55:06.475813,2.3685334364573163
2024-01-09 04:55:07.476276,2.3684000968933105
2024-01-09 04:55:08.476544,2.3668667793273928
2024-01-09 04:55:09.476624,2.368000109990438
2024-01-09 04:55:10.476670,2.3680668036142984
2024-01-09 04:55:11.476835,2.37160013516744
2024-01-09 04:55:12.477070,2.3710000991821287
2024-01-09 04:55:13.477166,2.3680667877197266
2024-01-09 04:55:14.477652,2.364266808827718
2024-01-09 04:55:15.477998,2.3653334299723308
2024-01-09 04:55:16.478157,2.367266798019409
2024-01-09 04:55:17.478230,2.3663334528605144
2024-01-09 04:55:18.478809,2.3730000972747805
2024-01-09 04:55:19.479272,2.367466767628988
2024-01-09 04:55:20.479418,2.3684001127878824
2024-01-09 04:55:21.479482,2.367933479944865
2024-01-09 04:55:22.479703,2.3648001035054524
2024-01-09 04:55:23.479940,2.3638667901357016
2024-01-09 04:55:24.480458,2.369200118382772
2024-01-09 04:55:25.480779,2.3711334387461345
2024-01-09 04:55:26.481017,2.366800133387248
2024-01-09 04:55:27.481210,2.370000123977661
2024-01-09 04:55:28.481605,2.3654001077016193
2024-01-09 04:55:29.481758,2.3662668069203696
2024-01-09 04:55:30.481993,2.3656001408894856
2024-01-09 04:55:31.482224,2.3669334411621095
2024-01-09 04:55:32.482543,2.3686667760213216
2024-01-09 04:55:33.482745,2.3677334785461426
2024-01-09 04:55:34.482801,2.3696667671203615
2024-01-09 04:55:35.483055,2.3654000759124756
2024-01-09 04:55:36.483760,2.3656001408894856
2024-01-09 04:55:37.483919,2.3677334626515707
2024-01-09 04:55:38.484143,2.3696001052856444
2024-01-09 04:55:39.484228,2.368266805013021
2024-01-09 04:55:40.484431,2.3702667872111003
2024-01-09 04:55:41.485424,2.3626001199086506
2024-01-09 04:55:42.485861,2.3645334402720133
2024-01-09 04:55:43.485885,2.377600113550822
2024-01-09 04:55:44.486210,2.368266773223877
2024-01-09 04:55:45.486256,2.3665334383646646
2024-01-09 04:55:46.486457,2.375800116856893
2024-01-09 04:55:47.486638,2.3692667802174885
2024-01-09 04:55:48.487239,2.364400100708008
2024-01-09 04:55:49.487535,2.3642001310984293
2024-01-09 04:55:50.487684,2.3659334500630695
2024-01-09 04:55:51.501637,2.3684001127878824
2024-01-09 04:55:52.503455,2.3708667596181234
2024-01-09 04:55:53.504428,2.36973344484965
2024-01-09 04:55:54.504976,2.3660001436869305
2024-01-09 04:55:55.506472,2.3674667994181315
2024-01-09 04:55:56.506674,2.3694001197814942
2024-01-09 04:55:57.506848,2.3659334659576414
2024-01-09 04:55:58.506956,2.3666667620340984
2024-01-09 04:55:59.508286,2.368600098292033
2024-01-09 04:56:00.508505,2.3700001080830893
2024-01-09 04:56:01.510729,2.37160013516744
2024-01-09 04:56:02.510894,2.3663334528605144
2024-01-09 04:56:03.513512,2.367066764831543
2024-01-09 04:56:04.514434,2.367733446756999
2024-01-09 04:56:05.514685,2.364666763941447
2024-01-09 04:56:06.515275,2.369466749827067
2024-01-09 04:56:07.515668,2.374800125757853
2024-01-09 04:56:08.516121,2.3633334636688232
2024-01-09 04:56:09.516567,2.3638000965118406
2024-01-09 04:56:10.516597,2.36440011660258
2024-01-09 04:56:11.517237,2.365800126393636
2024-01-09 04:56:12.517760,2.3674667835235597
2024-01-09 04:56:13.517927,2.3648001194000243
2024-01-09 04:56:14.518139,2.3634667873382567
2024-01-09 04:56:15.519164,2.364666779836019
2024-01-09 04:56:16.519380,2.3648667971293134
2024-01-09 04:56:17.520200,2.3623334566752114
2024-01-09 04:56:18.520365,2.3693334261576333
2024-01-09 04:56:19.520708,2.3678001085917155
2024-01-09 04:56:20.520776,2.3627334435780845
2024-01-09 04:56:21.520928,2.368866809209188
2024-01-09 04:56:22.520952,2.3702667872111003
2024-01-09 04:56:23.521121,2.3698001225789387
2024-01-09 04:56:24.521360,2.3664000829060874
2024-01-09 04:56:25.521646,2.3696667989095053
2024-01-09 04:56:26.521914,2.366133467356364
2024-01-09 04:56:27.523244,2.3669334252675376
2024-01-09 04:56:28.523397,2.3743334293365477
2024-01-09 04:56:29.524288,2.368866777420044
2024-01-09 04:56:30.524998,2.368666744232178
2024-01-09 04:56:31.525304,2.3692667643229166
2024-01-09 04:56:32.525888,2.363133430480957
2024-01-09 04:56:33.526103,2.364333438873291
2024-01-09 04:56:34.526331,2.3692001024882
2024-01-09 04:56:35.526474,2.365000104904175
2024-01-09 04:56:36.526558,2.367333459854126
2024-01-09 04:56:37.526715,2.361866760253906
2024-01-09 04:56:38.526738,2.3666001160939536
2024-01-09 04:56:39.528192,2.364066791534424
2024-01-09 04:56:40.528219,2.3695334593454995
2024-01-09 04:56:41.528845,2.3668667634328204
2024-01-09 04:56:42.529292,2.3654667854309084
2024-01-09 04:56:43.529629,2.3680667877197266
2024-01-09 04:56:44.529812,2.3696667671203615
2024-01-09 04:56:45.530664,2.3678001244862874
2024-01-09 04:56:46.530687,2.3654667854309084
2024-01-09 04:56:47.530923,2.3686667760213216
2024-01-09 04:56:48.531519,2.3630001068115236
2024-01-09 04:56:49.531694,2.3660000960032144
2024-01-09 04:56:50.531834,2.3630667527516684
2024-01-09 04:56:51.531852,2.3635334332784015
2024-01-09 04:56:52.531876,2.3653334458669026
2024-01-09 04:56:53.532296,2.3669334729512532
2024-01-09 04:56:54.532641,2.3686667760213216
2024-01-09 04:56:55.532765,2.3619334220886232
2024-01-09 04:56:56.533008,2.372133461634318
2024-01-09 04:56:57.533165,2.367600107192993
2024-01-09 04:56:58.533284,2.361666758855184
2024-01-09 04:56:59.534148,2.3695334911346437
2024-01-09 04:57:00.534906,2.3606000741322837
2024-01-09 04:57:01.535022,2.363666788736979
2024-01-09 04:57:02.535154,2.3628000736236574
2024-01-09 04:57:03.535344,2.370333449045817
2024-01-09 04:57:04.535520,2.3666001319885255
2024-01-09 04:57:05.535644,2.368800131479899
2024-01-09 04:57:06.535927,2.371466779708862
2024-01-09 04:57:07.539480,2.3668001015981037
2024-01-09 04:57:08.539859,2.369333442052205
2024-01-09 04:57:09.540391,2.368266773223877
2024-01-09 04:57:10.540757,2.3672667662302653
2024-01-09 04:57:11.541220,2.3668667793273928
2024-01-09 04:57:12.541750,2.3699334621429444
2024-01-09 04:57:13.542011,2.367400121688843
2024-01-09 04:57:14.542023,2.3650001525878905
2024-01-09 04:57:15.542034,2.367133458455404
2024-01-09 04:57:16.542250,2.3642667452494304
2024-01-09 04:57:17.542385,2.364266777038574
2024-01-09 04:57:18.542674,2.370600128173828
2024-01-09 04:57:19.542992,2.3662667751312254
2024-01-09 04:57:20.543675,2.3668667634328204
2024-01-09 04:57:21.544067,2.3653334299723308
2024-01-09 04:57:22.544520,2.362466796239217
2024-01-09 04:57:23.544863,2.3636001269022624
2024-01-09 04:57:24.544874,2.3630000909169513
2024-01-09 04:57:25.545133,2.3724001089731854
2024-01-09 04:57:26.545490,2.374600124359131
2024-01-09 04:57:27.545564,2.366466776529948
2024-01-09 04:57:28.545736,2.3659334500630695
2024-01-09 04:57:29.545757,2.3747334480285645
2024-01-09 04:57:30.545972,2.36700013478597
2024-01-09 04:57:31.546234,2.3692001342773437
2024-01-09 04:57:32.546566,2.3639334519704183
2024-01-09 04:57:33.546625,2.364666811625163
2024-01-09 04:57:34.546862,2.3683334509531657
2024-01-09 04:57:35.546973,2.3668667952219646
2024-01-09 04:57:36.547395,2.3641334692637126
2024-01-09 04:57:37.547809,2.366066805521647
2024-01-09 04:57:38.548048,2.3690001169840493
2024-01-09 04:57:39.548176,2.364666779836019
2024-01-09 04:57:40.548390,2.36560009320577
2024-01-09 04:57:41.548731,2.3644667625427247
2024-01-09 04:57:42.549076,2.3647334734598795
2024-01-09 04:57:43.549418,2.3586000919342043
2024-01-09 04:57:44.549654,2.3696000893910725
2024-01-09 04:57:45.549809,2.367666800816854
2024-01-09 04:57:46.641691,2.3666001160939536
2024-01-09 04:57:47.641862,2.3722667853037516
2024-01-09 04:57:48.641931,2.3654667854309084
2024-01-09 04:57:49.641993,2.367266782124837
2024-01-09 04:57:50.642156,2.3741334438323975
2024-01-09 04:57:51.642413,2.36580007870992
2024-01-09 04:57:52.642651,2.3720668156941733
2024-01-09 04:57:53.642826,2.3650667826334635
2024-01-09 04:57:54.643069,2.3692668120066327
2024-01-09 04:57:55.643881,2.3660667578379315
2024-01-09 04:57:56.644254,2.362866767247518
2024-01-09 04:57:57.644430,2.366466776529948
2024-01-09 04:57:58.644453,2.3669334252675376
2024-01-09 04:57:59.644735,2.3696667830149334
2024-01-09 04:58:00.644746,2.3666001160939536
2024-01-09 04:58:01.645323,2.367400121688843
2024-01-09 04:58:02.645596,2.3705334663391113
2024-01-09 04:58:03.645685,2.363133446375529
2024-01-09 04:58:04.645897,2.364600086212158
2024-01-09 04:58:05.645972,2.3670667807261148
2024-01-09 04:58:06.647523,2.3662001291910806
2024-01-09 04:58:07.647655,2.372200091679891
2024-01-09 04:58:08.647983,2.3641334533691407
2024-01-09 04:58:09.648810,2.3668667793273928
2024-01-09 04:58:10.649986,2.3724001248677573
2024-01-09 04:58:11.651306,2.366200097401937
2024-01-09 04:58:12.651731,2.3652668158213297
2024-01-09 04:58:13.652298,2.3710000991821287
2024-01-09 04:58:14.652350,2.3710667928059896
2024-01-09 04:58:15.652582,2.3678000768025718
2024-01-09 04:58:16.652617,2.368333435058594
2024-01-09 04:58:17.652822,2.370933437347412
2024-01-09 04:58:18.653144,2.3723334471384683
2024-01-09 04:58:19.653456,2.374266767501831
2024-01-09 04:58:20.653505,2.369200118382772
2024-01-09 04:58:21.653680,2.3716667970021565
2024-01-09 04:58:22.653968,2.3671334266662596
2024-01-09 04:58:23.653975,2.3661334196726482
2024-01-09 04:58:24.654413,2.372400140762329
2024-01-09 04:58:25.654925,2.3624667803446453
2024-01-09 04:58:26.655060,2.3638668060302734
2024-01-09 04:58:27.655624,2.3654667854309084
2024-01-09 04:58:28.655728,2.3686667601267497
2024-01-09 04:58:29.655921,2.36800012588501
2024-01-09 04:58:30.656149,2.3668667952219646
2024-01-09 04:58:31.656611,2.3660001118977863
2024-01-09 04:58:32.656764,2.367600138982137
2024-01-09 04:58:33.656776,2.3674001057942706
2024-01-09 04:58:34.656805,2.3635334809621176
2024-01-09 04:58:35.657064,2.366200097401937
2024-01-09 04:58:36.657111,2.3668667952219646
2024-01-09 04:58:37.657776,2.3681334495544433
2024-01-09 04:58:38.657946,2.365000104904175
2024-01-09 04:58:39.657989,2.3677334785461426
2024-01-09 04:58:40.659294,2.3619334856669107
2024-01-09 04:58:41.659556,2.365800126393636
2024-01-09 04:58:42.660113,2.372466770807902
2024-01-09 04:58:43.660959,2.3670667966206866
2024-01-09 04:58:44.661161,2.364133421579997
2024-01-09 04:58:45.661375,2.3656668027242023
2024-01-09 04:58:46.661766,2.3689334551493326
2024-01-09 04:58:47.662209,2.36513344446818
2024-01-09 04:58:48.662668,2.3660000960032144
2024-01-09 04:58:49.663396,2.370600112279256
2024-01-09 04:58:50.663401,2.363733434677124
2024-01-09 04:58:51.663453,2.368066755930583
2024-01-09 04:58:52.663918,2.360933462778727
2024-01-09 04:58:53.664008,2.366400114695231
2024-01-09 04:58:54.664442,2.3717334588368733
2024-01-09 04:58:55.664629,2.3684001127878824
2024-01-09 04:58:56.664941,2.3736001173655192
2024-01-09 04:58:57.665364,2.3694001038869223
2024-01-09 04:58:58.665382,2.367933416366577
2024-01-09 04:58:59.665714,2.3653334458669026
2024-01-09 04:59:00.666355,2.371266746520996
2024-01-09 04:59:01.719015,2.362866767247518
2024-01-09 04:59:02.719062,2.365733432769775
2024-01-09 04:59:03.730067,2.36973344484965
2024-01-09 04:59:04.730609,2.3623334407806396
2024-01-09 04:59:05.730906,2.3672001202901205
2024-01-09 04:59:06.730978,2.369066762924194
2024-01-09 04:59:07.731186,2.3642000834147137
2024-01-09 04:59:08.731418,2.36513344446818
2024-01-09 04:59:09.732627,2.364400100708008
2024-01-09 04:59:10.733228,2.3699334462483725
2024-01-09 04:59:11.733416,2.3684001127878824
2024-01-09 04:59:12.733850,2.365866788228353
2024-01-09 04:59:13.733999,2.3659334659576414
2024-01-09 04:59:14.734285,2.36766676902771
2024-01-09 04:59:15.734989,2.3706667900085447
2024-01-09 04:59:16.735048,2.3665334542592364
2024-01-09 04:59:17.735699,2.3654000918070475
2024-01-09 04:59:18.736329,2.369133472442627
2024-01-09 04:59:19.741720,2.364933443069458
2024-01-09 04:59:20.742175,2.3669334411621095
2024-01-09 04:59:21.742508,2.366466776529948
2024-01-09 04:59:22.759396,2.3674667994181315
2024-01-09 04:59:23.759401,2.371000146865845
2024-01-09 04:59:24.759564,2.364800135294596
2024-01-09 04:59:25.759688,2.36873345375061
2024-01-09 04:59:26.759853,2.3696667671203615
2024-01-09 04:59:27.759927,2.3684001286824543
2024-01-09 04:59:28.760182,2.364400100708008
2024-01-09 04:59:29.760532,2.371800152460734
2024-01-09 04:59:30.760597,2.368000094095866
2024-01-09 04:59:31.761172,2.3683334668477376
2024-01-09 04:59:32.762063,2.36560009320577
2024-01-09 04:59:33.762681,2.3711334705352782
2024-01-09 04:59:34.762731,2.3702000776926675
2024-01-09 04:59:35.763154,2.367000118891398
2024-01-09 04:59:36.763300,2.367666784922282
2024-01-09 04:59:37.763398,2.3671334266662596
2024-01-09 04:59:38.764149,2.367266798019409
2024-01-09 04:59:39.764738,inf
2024-01-09 04:59:40.764795,2.3609334309895833
2024-01-09 04:59:41.765125,2.3718001365661623
2024-01-09 04:59:42.765366,2.3672001361846924
2024-01-09 04:59:43.765448,2.372133429845174
2024-01-09 04:59:44.765860,2.369466797510783
2024-01-09 04:59:45.766450,2.36800012588501
2024-01-09 04:59:46.766494,2.36973344484965
2024-01-09 04:59:47.766789,2.3696667671203615
2024-01-09 04:59:48.766886,2.3746001084645587
2024-01-09 04:59:49.767324,2.3729334195454914
2024-01-09 04:59:50.767446,2.3478667736053467
2024-01-09 04:59:51.768087,2.370666774113973
2024-01-09 04:59:52.768597,2.3723334471384683
2024-01-09 04:59:53.768617,2.367000102996826
2024-01-09 04:59:54.769065,2.3670667966206866
2024-01-09 04:59:55.769137,2.374800141652425
2024-01-09 04:59:56.769254,2.373400100072225
2024-01-09 04:59:57.769715,2.370000139872233
2024-01-09 04:59:58.769789,2.3639334519704183
2024-01-09 04:59:59.771928,2.3648001194000243
2024-01-09 05:00:00.772179,2.3626667499542235
2024-01-09 05:00:01.772646,2.3624001502990724
2024-01-09 05:00:02.772936,2.3696000893910725
2024-01-09 05:00:03.773618,2.373466793696086
2024-01-09 05:00:04.773773,2.3678667704264322
2024-01-09 05:00:05.773847,2.3654668013254803
2024-01-09 05:00:06.773897,2.3634667873382567
2024-01-09 05:00:07.774633,2.365533447265625
2024-01-09 05:00:08.774778,2.3664000988006593
2024-01-09 05:00:09.774797,2.369800074895223
2024-01-09 05:00:10.775238,2.362866767247518
2024-01-09 05:00:11.775540,2.3678000926971436
2024-01-09 05:00:12.775729,2.370466772715251
2024-01-09 05:00:13.775900,2.36766676902771
2024-01-09 05:00:14.776411,2.367866786321004
2024-01-09 05:00:15.776692,2.3644667625427247
2024-01-09 05:00:16.776902,2.36513344446818
2024-01-09 05:00:17.777157,2.366666793823242
2024-01-09 05:00:18.777167,2.3614667892456054
2024-01-09 05:00:19.777663,2.361266787846883
2024-01-09 05:00:20.777809,2.3132667859395344
2024-01-09 05:00:21.777900,2.324266767501831
2024-01-09 05:00:22.778661,2.3576001008351644
2024-01-09 05:00:23.778741,2.35413343111674
2024-01-09 05:00:24.779010,2.34986678759257
2024-01-09 05:00:25.781839,2.3550667762756348
2024-01-09 05:00:26.782216,2.3521334489186603
2024-01-09 05:00:27.782985,2.3494000752766926
2024-01-09 05:00:28.783181,2.3515334606170653
2024-01-09 05:00:29.783250,2.3482667605082193
2024-01-09 05:00:30.783298,2.351066811879476
2024-01-09 05:00:31.783653,2.3518667856852216
2024-01-09 05:00:32.783810,2.345000139872233
2024-01-09 05:00:33.784078,2.3538667519887286
2024-01-09 05:00:34.784559,2.352000125249227
2024-01-09 05:00:35.784879,2.3534001191457112
2024-01-09 05:00:36.785119,2.3512001355489094
2024-01-09 05:00:37.785243,2.345333449045817
2024-01-09 05:00:38.785365,2.347333478927612
2024-01-09 05:00:39.785803,2.3527334372202557
2024-01-09 05:00:40.786451,2.3516667524973554
2024-01-09 05:00:41.786646,2.3594001134236655
2024-01-09 05:00:42.787158,2.3496001243591307
2024-01-09 05:00:43.789627,2.359200143814087
2024-01-09 05:00:44.789658,2.352266788482666
2024-01-09 05:00:45.789802,2.352866776784261
2024-01-09 05:00:46.789945,2.3467334270477296
2024-01-09 05:00:47.789949,2.3570000966389975
2024-01-09 05:00:48.790564,2.356933418909709
2024-01-09 05:00:49.790670,2.3550667762756348
2024-01-09 05:00:50.791042,2.3564001242319743
2024-01-09 05:00:51.791788,2.35840007464091
2024-01-09 05:00:52.792108,2.367733430862427
2024-01-09 05:00:53.793266,2.3700668176015216
2024-01-09 05:00:54.794861,2.3726001262664793
2024-01-09 05:00:55.794923,2.365733432769775
2024-01-09 05:00:56.794931,2.366733455657959
2024-01-09 05:00:57.795387,2.3675334294637045
2024-01-09 05:00:58.795890,2.3672000885009767
2024-01-09 05:00:59.796328,2.3651334285736083
2024-01-09 05:01:00.796439,2.3653334458669026
2024-01-09 05:01:01.796780,2.367600091298421
2024-01-09 05:01:02.797337,2.370000139872233
2024-01-09 05:01:03.797739,2.3710667928059896
2024-01-09 05:01:04.798077,2.368200095494588
2024-01-09 05:01:05.798355,2.367666800816854
2024-01-09 05:01:06.798435,2.371600103378296
2024-01-09 05:01:07.798967,2.36973344484965
2024-01-09 05:01:08.799153,2.3716667811075847
2024-01-09 05:01:09.799182,2.3705334186553957
2024-01-09 05:01:10.799384,2.367933448155721
2024-01-09 05:01:11.802201,2.3630001386006674
2024-01-09 05:01:12.802218,2.3621334711710613
2024-01-09 05:01:13.802546,2.3644667784372966
2024-01-09 05:01:14.802711,2.3659334500630695
2024-01-09 05:01:15.802757,2.365600109100342
2024-01-09 05:01:16.802851,2.363133430480957
2024-01-09 05:01:17.803471,2.3628000895182293
2024-01-09 05:01:18.803523,2.373000144958496
2024-01-09 05:01:19.803807,2.368000109990438
2024-01-09 05:01:20.804014,2.3663334687550863
2024-01-09 05:01:21.804817,2.362600088119507
2024-01-09 05:01:22.805012,2.3666667779286703
2024-01-09 05:01:23.805017,2.364600118001302
2024-01-09 05:01:24.805777,2.3623334725697833
2024-01-09 05:01:25.806926,2.3681334336598714
2024-01-09 05:01:26.807119,2.3648001194000243
2024-01-09 05:01:27.807226,2.3714001178741455
2024-01-09 05:01:28.807242,2.3644001324971518
2024-01-09 05:01:29.807576,2.3708000977834067
2024-01-09 05:01:30.807859,2.3635334650675457
2024-01-09 05:01:31.808327,2.366400146484375
2024-01-09 05:01:32.808729,2.371933428446452
2024-01-09 05:01:33.808825,2.3701334317525227
2024-01-09 05:01:34.809066,2.3664000988006593
2024-01-09 05:01:35.809189,2.3660001277923586
2024-01-09 05:01:36.809500,2.3727334340413413
2024-01-09 05:01:37.809712,2.3719334602355957
2024-01-09 05:01:38.810066,2.3694001197814942
2024-01-09 05:01:39.810491,2.367333443959554
2024-01-09 05:01:40.810491,2.358333460489909
2024-01-09 05:01:41.810780,2.3666001319885255
2024-01-09 05:01:42.811478,2.3672001043955486
2024-01-09 05:01:43.813183,2.368466774622599
2024-01-09 05:01:44.813965,2.3707334359486896
2024-01-09 05:01:45.814736,0.4675333539644877
2024-01-09 05:01:46.814751,2.326666752497355
2024-01-09 05:01:47.814781,2.335400104522705
2024-01-09 05:01:48.814908,2.331800111134847
2024-01-09 05:01:49.866413,2.3460667610168455
2024-01-09 05:01:51.355779,2.342000118891398
2024-01-09 05:01:52.355974,2.3430001099904376
2024-01-09 05:01:53.364873,inf
2024-01-09 05:01:54.365070,2.3472668170928954
2024-01-09 05:01:55.365318,inf
2024-01-09 05:01:56.365521,2.3412668069203693
2024-01-09 05:01:57.365727,2.340733464558919
2024-01-09 05:01:58.365886,2.342600138982137
2024-01-09 05:01:59.366471,2.3415334542592365
2024-01-09 05:02:00.366554,2.337800121307373
2024-01-09 05:02:01.366801,2.3373334407806396
2024-01-09 05:02:02.366948,inf
2024-01-09 05:02:03.367211,inf
2024-01-09 05:02:04.367667,inf
2024-01-09 05:02:05.368386,inf
2024-01-09 05:02:06.368837,inf
2024-01-09 05:02:07.369340,inf
2024-01-09 05:02:08.369816,inf
2024-01-09 05:02:09.398859,inf
2024-01-09 05:02:10.398969,inf
2024-01-09 05:02:11.399059,inf
2024-01-09 05:02:12.399115,inf
2024-01-09 05:02:13.399547,inf
2024-01-09 05:02:14.400058,inf
2024-01-09 05:02:15.417133,inf
2024-01-09 05:02:16.417481,inf
2024-01-09 05:02:17.417968,inf
2024-01-09 05:02:18.418830,inf
2024-01-09 05:02:19.418931,inf
2024-01-09 05:02:20.419451,inf
2024-01-09 05:02:21.419548,inf
2024-01-09 05:02:22.419745,inf
2024-01-09 05:02:23.420346,inf
2024-01-09 05:02:24.420446,inf
2024-01-09 05:02:25.420536,inf
2024-01-09 05:02:26.421381,inf
2024-01-09 05:02:27.421514,inf
2024-01-09 05:02:28.421745,inf
2024-01-09 05:02:29.427274,inf
2024-01-09 05:02:30.427503,inf
2024-01-09 05:02:31.427607,inf
2024-01-09 05:02:32.427688,inf
2024-01-09 05:02:33.429512,inf
2024-01-09 05:02:34.429911,inf
2024-01-09 05:02:35.430190,inf
2024-01-09 05:02:36.431152,inf
2024-01-09 05:02:37.436275,inf
2024-01-09 05:02:38.436933,inf
2024-01-09 05:02:39.436989,inf
2024-01-09 05:02:40.437446,inf
2024-01-09 05:02:41.438227,inf
2024-01-09 05:02:42.438683,inf
2024-01-09 05:02:43.439510,inf
2024-01-09 05:02:44.439654,inf
2024-01-09 05:02:45.440102,inf
2024-01-09 05:02:46.440325,inf
2024-01-09 05:02:47.440549,inf
2024-01-09 05:02:48.440703,inf
2024-01-09 05:02:49.440913,inf
2024-01-09 05:02:50.441160,inf
2024-01-09 05:02:51.441965,inf
2024-01-09 05:02:52.442021,inf
2024-01-09 05:02:53.442250,inf
2024-01-09 05:02:54.442467,inf
2024-01-09 05:02:55.443545,inf
2024-01-09 05:02:56.443668,inf
2024-01-09 05:02:57.446111,inf
2024-01-09 05:02:58.446314,inf
2024-01-09 05:02:59.448190,inf
2024-01-09 05:03:00.448416,inf
2024-01-09 05:03:01.448557,inf
2024-01-09 05:03:02.449028,inf
2024-01-09 05:03:03.449177,inf
2024-01-09 05:03:04.451186,inf
2024-01-09 05:03:05.451335,inf
2024-01-09 05:03:06.455627,inf
2024-01-09 05:03:07.455875,inf
2024-01-09 05:03:08.457263,inf
2024-01-09 05:03:09.463260,inf
2024-01-09 05:03:10.463304,inf
2024-01-09 05:03:11.463525,inf
2024-01-09 05:03:12.463726,inf
2024-01-09 05:03:13.464091,inf
2024-01-09 05:03:14.464166,inf
2024-01-09 05:03:15.465369,inf
2024-01-09 05:03:16.473110,inf
2024-01-09 05:03:17.479577,inf
2024-01-09 05:03:18.479807,inf
2024-01-09 05:03:19.479964,inf
2024-01-09 05:03:20.480102,inf
2024-01-09 05:03:21.480212,inf
2024-01-09 05:03:22.483247,inf
2024-01-09 05:03:23.483786,inf
2024-01-09 05:03:24.484288,inf
2024-01-09 05:03:25.484990,inf
2024-01-09 05:03:26.485051,inf
2024-01-09 05:03:27.487848,inf
2024-01-09 05:03:28.487916,inf
2024-01-09 05:03:29.488381,inf
2024-01-09 05:03:30.489284,inf
2024-01-09 05:03:31.489486,inf
2024-01-09 05:03:32.491722,inf
2024-01-09 05:03:33.491726,inf
2024-01-09 05:03:34.491918,inf
2024-01-09 05:03:35.492282,inf
2024-01-09 05:03:36.493114,inf
2024-01-09 05:03:37.500929,inf
2024-01-09 05:03:38.509066,inf
2024-01-09 05:03:39.509834,inf
2024-01-09 05:03:40.510275,inf
2024-01-09 05:03:41.510833,inf
2024-01-09 05:03:42.513162,inf
2024-01-09 05:03:43.513424,inf
2024-01-09 05:03:44.513872,inf
2024-01-09 05:03:45.513937,inf
2024-01-09 05:03:46.514031,inf
2024-01-09 05:03:47.515071,inf
2024-01-09 05:03:48.515453,inf
2024-01-09 05:03:49.518045,inf
2024-01-09 05:03:50.519197,inf
2024-01-09 05:03:51.519707,inf
2024-01-09 05:03:52.527282,inf
2024-01-09 05:03:53.545515,inf
2024-01-09 05:03:54.546159,inf
2024-01-09 05:03:55.550694,inf
2024-01-09 05:03:56.554901,inf
2024-01-09 05:03:57.559573,inf
2024-01-09 05:03:58.584604,inf
2024-01-09 05:03:59.596319,inf
2024-01-09 05:04:00.596570,inf
2024-01-09 05:04:01.596844,inf
2024-01-09 05:04:02.596864,inf
2024-01-09 05:04:03.597204,inf
2024-01-09 05:04:04.600100,inf
2024-01-09 05:04:05.601274,inf
2024-01-09 05:04:06.601513,inf
2024-01-09 05:04:07.608094,inf
2024-01-09 05:04:08.635240,inf
2024-01-09 05:04:09.643433,inf
2024-01-09 05:04:10.655656,inf
2024-01-09 05:04:11.663309,inf
2024-01-09 05:04:12.685416,inf
2024-01-09 05:04:13.706601,inf
2024-01-09 05:04:14.732766,inf
2024-01-09 05:04:15.733535,inf
2024-01-09 05:04:16.734923,inf
2024-01-09 05:04:17.735511,inf
2024-01-09 05:04:18.737545,inf
2024-01-09 05:04:19.737875,inf
2024-01-09 05:04:20.738823,inf
2024-01-09 05:04:21.741293,inf
2024-01-09 05:04:22.741810,inf
2024-01-09 05:04:23.741967,inf
2024-01-09 05:04:24.742196,inf
2024-01-09 05:04:25.743210,inf
2024-01-09 05:04:26.743936,inf
2024-01-09 05:04:27.757279,inf
2024-01-09 05:04:28.771823,inf
2024-01-09 05:04:29.772279,inf
2024-01-09 05:04:30.772778,inf
2024-01-09 05:04:31.773033,inf
2024-01-09 05:04:32.773198,inf
2024-01-09 05:04:33.775178,inf
2024-01-09 05:04:34.776098,inf
2024-01-09 05:04:35.776440,inf
2024-01-09 05:04:36.777434,inf
2024-01-09 05:04:37.777781,inf
2024-01-09 05:04:38.777832,inf
2024-01-09 05:04:39.778317,inf
2024-01-09 05:04:40.780072,inf
2024-01-09 05:04:41.780552,inf
2024-01-09 05:04:42.787446,inf
2024-01-09 05:04:43.799353,inf
2024-01-09 05:04:44.800264,inf
2024-01-09 05:04:45.800366,inf
2024-01-09 05:04:46.801242,inf
2024-01-09 05:04:47.801603,inf
2024-01-09 05:04:48.802148,inf
2024-01-09 05:04:49.802189,inf
2024-01-09 05:04:50.802197,inf
2024-01-09 05:04:51.802694,inf
2024-01-09 05:04:52.803379,inf
2024-01-09 05:04:53.803608,inf
2024-01-09 05:04:54.803692,inf
2024-01-09 05:04:55.804233,inf
2024-01-09 05:04:56.804257,inf
2024-01-09 05:04:57.804620,inf
2024-01-09 05:04:58.805120,inf
2024-01-09 05:04:59.807352,inf
2024-01-09 05:05:00.808223,inf
2024-01-09 05:05:01.808255,inf
2024-01-09 05:05:02.815255,inf
2024-01-09 05:05:03.816014,inf
2024-01-09 05:05:04.816124,inf
2024-01-09 05:05:05.816675,inf
2024-01-09 05:05:06.823293,inf
2024-01-09 05:05:07.823721,inf
2024-01-09 05:05:08.823764,inf
2024-01-09 05:05:09.823848,inf
2024-01-09 05:05:10.824437,inf
2024-01-09 05:05:11.824560,inf
2024-01-09 05:05:12.825308,inf
2024-01-09 05:05:13.825373,inf
2024-01-09 05:05:14.827817,inf
2024-01-09 05:05:15.828094,inf
2024-01-09 05:05:16.830061,inf
2024-01-09 05:05:17.833168,inf
2024-01-09 05:05:18.833185,inf
2024-01-09 05:05:19.835643,inf
2024-01-09 05:05:20.853495,inf
2024-01-09 05:05:21.858619,inf
2024-01-09 05:05:22.870715,inf
2024-01-09 05:05:23.876071,inf
2024-01-09 05:05:24.880219,inf
2024-01-09 05:05:25.883349,inf
2024-01-09 05:05:26.884203,inf
2024-01-09 05:05:27.901745,inf
2024-01-09 05:05:28.902096,inf
2024-01-09 05:05:29.903616,inf
2024-01-09 05:05:30.919957,inf
2024-01-09 05:05:31.927623,inf
2024-01-09 05:05:32.936527,inf
2024-01-09 05:05:33.945340,inf
2024-01-09 05:05:34.960441,inf
2024-01-09 05:05:35.962011,inf
2024-01-09 05:05:36.969797,inf
2024-01-09 05:05:37.977957,inf
                                                                                          